"Date","Price","Open","High","Low","Change %"
"09/22/2023","109.280","108.674","109.518","108.641","0.63%"
"09/21/2023","108.596","109.441","109.652","108.538","-1.15%"
"09/20/2023","109.862","110.005","110.484","109.506","-0.12%"
"09/19/2023","109.994","110.218","110.273","109.636","-0.26%"
"09/18/2023","110.279","109.262","110.366","109.112","0.43%"
"09/15/2023","109.809","110.020","110.256","109.476","-0.07%"
"09/14/2023","109.888","110.730","110.812","109.707","-0.59%"
"09/13/2023","110.538","110.064","110.846","109.794","0.34%"
"09/12/2023","110.166","109.865","110.821","109.799","0.29%"
"09/11/2023","109.853","110.396","110.396","109.849","-0.68%"
"09/08/2023","110.603","110.883","111.069","110.507","-0.03%"
"09/07/2023","110.639","110.012","110.639","109.891","0.58%"
"09/06/2023","110.004","110.594","110.906","109.774","-0.55%"
"09/05/2023","110.615","110.615","110.615","110.615","-0.79%"
"09/01/2023","111.493","112.586","112.911","111.306","-1.00%"
"08/31/2023","112.616","111.852","112.827","111.791","0.67%"
"08/30/2023","111.867","111.519","111.973","111.189","0.27%"
"08/29/2023","111.569","111.273","112.185","110.887","0.31%"
"08/28/2023","111.224","110.690","111.779","110.630","0.30%"
"08/25/2023","110.888","110.677","111.000","110.315","0.12%"
"08/24/2023","110.756","111.255","111.413","110.739","-0.30%"
"08/23/2023","111.091","109.895","111.168","109.771","1.42%"
"08/22/2023","109.540","109.352","109.653","109.105","0.22%"
"08/21/2023","109.299","110.108","110.108","109.107","-0.82%"
"08/18/2023","110.207","109.993","110.511","109.791","0.44%"
"08/17/2023","109.720","109.970","110.041","109.368","-0.51%"
"08/16/2023","110.287","110.725","111.008","110.266","-0.59%"
"08/14/2023","110.942","111.348","111.625","110.647","-0.50%"
"08/11/2023","111.504","111.932","112.106","111.334","-0.39%"
"08/10/2023","111.944","112.948","113.454","111.944","-0.93%"
"08/09/2023","113.000","112.951","113.248","112.643","0.21%"
"08/08/2023","112.763","112.472","113.277","112.461","0.64%"
"08/07/2023","112.040","112.713","112.751","111.945","-0.66%"
"08/04/2023","112.787","111.325","112.832","110.854","1.51%"
"08/03/2023","111.109","112.018","112.018","110.876","-0.95%"
"08/02/2023","112.170","112.906","113.035","111.893","-0.59%"
"08/01/2023","112.834","113.806","113.948","112.649","-0.85%"
"07/31/2023","113.797","114.047","114.610","113.797","-0.43%"
"07/28/2023","114.287","114.036","114.402","113.549","0.33%"
"07/27/2023","113.914","115.334","115.467","113.665","-1.10%"
"07/26/2023","115.181","114.578","115.429","114.567","0.45%"
"07/25/2023","114.666","114.912","115.136","114.351","-0.08%"
"07/24/2023","114.753","115.226","115.833","114.737","-0.53%"
"07/21/2023","115.366","115.198","115.590","115.082","0.24%"
"07/20/2023","115.086","116.165","116.193","114.937","-1.05%"
"07/19/2023","116.309","115.770","116.426","115.665","0.57%"
"07/18/2023","115.655","115.512","116.180","115.489","0.20%"
"07/17/2023","115.421","115.554","116.064","115.375","-0.06%"
"07/14/2023","115.485","116.021","116.085","115.439","-0.46%"
"07/13/2023","116.014","114.925","116.101","114.811","0.96%"
"07/12/2023","114.916","113.217","114.997","113.167","1.60%"
"07/11/2023","113.107","113.507","114.046","113.056","-0.35%"
"07/10/2023","113.509","112.578","113.559","112.354","0.75%"
"07/07/2023","112.663","112.020","112.865","111.626","-0.98%"
"07/05/2023","113.775","115.053","115.283","113.606","-1.10%"
"07/04/2023","115.041","115.053","115.066","115.041","0.00%"
"07/03/2023","115.042","114.612","115.211","114.371","0.37%"
"06/30/2023","114.615","115.043","115.481","114.525","-0.44%"
"06/29/2023","115.122","115.657","115.698","114.193","-0.57%"
"06/28/2023","115.778","115.388","115.958","115.353","0.37%"
"06/27/2023","115.355","115.849","116.082","115.349","-0.48%"
"06/26/2023","115.915","115.781","116.247","115.642","0.28%"
"06/23/2023","115.597","115.116","116.162","115.053","0.45%"
"06/22/2023","115.079","115.896","115.972","114.671","-0.75%"
"06/21/2023","115.953","115.826","116.094","115.286","-0.08%"
"06/20/2023","116.044","115.122","116.143","114.431","1.41%"
"06/19/2023","114.431","115.122","115.122","114.431","-0.42%"
"06/16/2023","114.915","115.032","115.396","114.502","-0.37%"
"06/15/2023","115.338","114.014","115.377","113.678","0.99%"
"06/14/2023","114.202","114.312","114.742","113.826","0.11%"
"06/13/2023","114.078","115.249","115.541","114.050","-0.79%"
"06/12/2023","114.990","114.570","115.134","113.963","0.38%"
"06/09/2023","114.554","113.961","114.669","113.646","0.35%"
"06/08/2023","114.153","113.896","114.958","113.601","0.21%"
"06/07/2023","113.911","114.824","114.922","113.478","-0.70%"
"06/06/2023","114.711","115.673","116.088","114.344","-0.93%"
"06/05/2023","115.791","115.279","115.803","114.621","0.39%"
"06/02/2023","115.339","115.936","116.211","115.339","-0.97%"
"06/01/2023","116.467","115.265","116.538","114.917","0.97%"
"05/31/2023","115.345","115.553","115.950","115.310","-0.14%"
"05/30/2023","115.509","114.097","115.811","114.097","0.99%"
"05/29/2023","114.379","114.097","114.428","114.097","0.35%"
"05/26/2023","113.980","113.873","114.205","113.581","0.24%"
"05/25/2023","113.703","113.952","114.506","113.609","-0.23%"
"05/24/2023","113.967","115.049","115.234","113.944","-0.79%"
"05/23/2023","114.877","114.576","114.963","114.128","0.31%"
"05/22/2023","114.526","115.161","115.423","114.497","-0.43%"
"05/19/2023","115.024","115.291","115.553","114.584","-0.17%"
"05/18/2023","115.224","116.193","116.251","115.188","-0.67%"
"05/17/2023","115.996","116.641","116.818","115.902","-0.46%"
"05/16/2023","116.531","117.193","117.502","115.868","-0.40%"
"05/15/2023","116.994","117.749","117.905","116.870","-0.71%"
"05/12/2023","117.835","118.591","118.711","117.758","-0.58%"
"05/11/2023","118.522","118.005","118.944","117.844","0.18%"
"05/10/2023","118.314","117.481","118.381","117.259","0.88%"
"05/09/2023","117.287","117.105","117.574","116.914","-0.07%"
"05/08/2023","117.368","118.150","118.373","117.231","-0.75%"
"05/05/2023","118.255","118.831","118.844","117.814","-0.46%"
"05/04/2023","118.804","118.968","119.568","118.594","-0.27%"
"05/03/2023","119.127","118.787","119.497","118.536","0.33%"
"05/02/2023","118.735","116.932","118.886","116.762","1.71%"
"05/01/2023","116.740","118.409","118.543","116.498","-1.62%"
"04/28/2023","118.658","117.658","118.818","117.493","0.93%"
"04/27/2023","117.567","118.578","118.578","117.430","-0.71%"
"04/26/2023","118.409","118.924","119.202","118.326","-0.46%"
"04/25/2023","118.956","118.152","119.553","118.152","0.84%"
"04/24/2023","117.968","117.169","118.487","117.110","0.68%"
"04/21/2023","117.166","117.984","118.278","117.077","-0.67%"
"04/20/2023","117.960","116.836","118.002","116.812","0.91%"
"04/19/2023","116.900","117.011","117.071","116.432","-0.16%"
"04/18/2023","117.091","116.917","117.334","116.735","0.29%"
"04/17/2023","116.756","117.905","118.144","116.756","-1.10%"
"04/14/2023","118.050","118.857","119.025","117.870","-0.64%"
"04/13/2023","118.814","119.857","120.304","118.705","-0.97%"
"04/12/2023","119.978","119.067","120.015","118.802","0.79%"
"04/11/2023","119.039","118.414","119.942","118.203","0.72%"
"04/10/2023","118.192","120.369","120.369","117.951","-0.88%"
"04/07/2023","119.237","120.369","120.369","119.237","-0.94%"
"04/06/2023","120.364","119.556","120.584","119.539","0.73%"
"04/05/2023","119.496","118.943","119.855","118.848","0.32%"
"04/04/2023","119.117","118.951","120.442","118.356","0.04%"
"04/03/2023","119.075","117.871","119.075","117.559","0.55%"
"03/31/2023","118.421","117.573","118.651","117.376","0.53%"
"03/30/2023","117.799","116.776","117.864","116.575","0.84%"
"03/29/2023","116.815","116.679","117.369","116.300","0.08%"
"03/28/2023","116.719","116.591","117.129","116.046","0.35%"
"03/27/2023","116.316","117.620","117.831","116.080","-1.22%"
"03/24/2023","117.747","117.313","118.438","117.201","0.47%"
"03/23/2023","117.194","117.279","117.618","116.706","-0.24%"
"03/22/2023","117.480","115.600","117.659","115.055","1.71%"
"03/21/2023","115.503","116.312","116.770","115.421","-0.81%"
"03/20/2023","116.443","116.115","118.055","115.851","-0.18%"
"03/17/2023","116.647","115.035","117.194","114.996","1.51%"
"03/16/2023","114.910","116.119","117.326","114.841","-1.35%"
"03/15/2023","116.484","113.012","116.525","112.639","3.33%"
"03/14/2023","112.734","113.989","114.788","112.689","-1.22%"
"03/13/2023","114.127","112.332","116.399","112.238","0.23%"
"03/10/2023","113.863","112.332","114.123","112.238","1.85%"
"03/09/2023","111.795","111.934","112.707","111.548","-0.10%"
"03/08/2023","111.910","110.747","112.442","110.730","0.72%"
"03/07/2023","111.108","111.632","113.726","110.959","-0.43%"
"03/06/2023","111.593","111.842","112.378","111.381","-0.15%"
"03/03/2023","111.765","110.595","111.765","110.595","1.14%"
"03/02/2023","110.508","110.948","111.036","110.204","-0.65%"
"03/01/2023","111.234","111.759","112.070","111.084","-0.59%"
"02/28/2023","111.894","111.900","112.097","111.395","-0.02%"
"02/27/2023","111.918","112.545","112.908","111.851","-0.49%"
"02/24/2023","112.465","112.978","113.219","111.569","-0.29%"
"02/23/2023","112.795","112.296","113.139","111.883","0.45%"
"02/22/2023","112.287","111.854","112.494","111.557","0.54%"
"02/21/2023","111.687","114.267","114.267","111.552","-2.08%"
"02/20/2023","114.064","114.267","114.267","114.064","-0.18%"
"02/17/2023","114.273","113.120","114.551","112.809","0.78%"
"02/16/2023","113.392","113.988","114.154","113.097","-0.36%"
"02/15/2023","113.799","115.470","115.598","113.554","-1.32%"
"02/14/2023","115.325","114.723","115.397","113.825","0.53%"
"02/13/2023","114.719","114.138","114.731","114.063","0.48%"
"02/10/2023","114.174","115.025","115.101","114.076","-0.60%"
"02/09/2023","114.868","116.578","117.187","114.657","-1.60%"
"02/08/2023","116.732","115.932","116.732","115.401","0.97%"
"02/07/2023","115.616","116.185","116.393","115.492","-0.39%"
"02/06/2023","116.072","117.590","117.959","116.009","-1.73%"
"02/03/2023","118.112","121.429","121.486","117.895","-2.44%"
"02/02/2023","121.071","121.038","121.770","119.071","0.15%"
"02/01/2023","120.893","117.979","121.094","117.955","2.50%"
"01/31/2023","117.942","117.942","118.479","117.693","0.02%"
"01/30/2023","117.924","118.182","118.446","117.616","-0.32%"
"01/27/2023","118.305","117.949","118.439","117.451","0.18%"
"01/26/2023","118.095","119.202","119.226","118.082","-0.81%"
"01/25/2023","119.061","118.398","119.166","118.100","0.51%"
"01/24/2023","118.455","117.482","118.573","117.141","0.83%"
"01/23/2023","117.475","118.066","118.138","117.302","-0.42%"
"01/20/2023","117.967","118.738","118.865","117.761","-0.85%"
"01/19/2023","118.978","119.771","120.086","118.825","-0.41%"
"01/18/2023","119.472","118.647","119.842","118.404","1.38%"
"01/17/2023","117.843","118.262","118.284","117.410","0.00%"
"01/16/2023","117.845","118.262","118.262","117.792","-0.49%"
"01/13/2023","118.426","118.688","119.179","118.190","-0.42%"
"01/12/2023","118.927","118.103","119.195","117.424","0.96%"
"01/11/2023","117.791","117.124","117.914","117.087","0.83%"
"01/10/2023","116.821","117.556","117.692","116.379","-0.75%"
"01/09/2023","117.707","116.384","117.911","116.046","0.90%"
"01/06/2023","116.660","115.150","116.738","114.787","1.41%"
"01/05/2023","115.041","115.142","115.484","114.494","-0.28%"
"01/04/2023","115.362","114.859","115.627","114.852","0.39%"
"01/03/2023","114.910","114.106","115.271","113.933","0.70%"
"01/02/2023","114.106","114.106","114.106","114.106","0.47%"
"12/30/2022","113.569","113.756","114.041","112.903","-0.27%"
"12/29/2022","113.879","113.478","113.977","113.240","0.56%"
"12/28/2022","113.248","113.735","114.114","113.198","-0.34%"
"12/27/2022","113.640","115.176","115.360","113.567","-1.22%"
"12/23/2022","115.046","115.273","115.440","114.674","-0.30%"
"12/22/2022","115.390","116.446","116.732","115.373","-0.68%"
"12/21/2022","116.176","115.070","116.323","115.028","0.84%"
"12/20/2022","115.206","115.464","115.910","115.111","-1.31%"
"12/19/2022","116.734","117.872","117.939","116.667","-1.16%"
"12/16/2022","118.108","118.858","118.973","117.999","-0.98%"
"12/15/2022","119.274","118.602","119.641","118.466","0.37%"
"12/14/2022","118.834","118.884","119.217","118.224","0.07%"
"12/13/2022","118.755","118.013","119.822","117.927","0.78%"
"12/12/2022","117.835","117.835","118.722","117.467","0.06%"
"12/09/2022","117.767","118.904","118.974","117.384","-0.68%"
"12/08/2022","118.570","118.756","118.998","118.268","-0.39%"
"12/07/2022","119.035","117.606","119.212","117.606","0.98%"
"12/06/2022","117.876","117.428","118.146","117.133","0.42%"
"12/05/2022","117.384","117.284","117.605","116.441","-0.25%"
"12/02/2022","117.679","116.985","117.800","116.018","0.31%"
"12/01/2022","117.321","115.770","117.381","115.759","1.18%"
"11/30/2022","115.957","114.439","116.094","113.845","1.45%"
"11/29/2022","114.295","115.162","115.674","114.245","-0.93%"
"11/28/2022","115.363","116.501","117.282","114.938","-0.94%"
"11/25/2022","116.463","115.048","116.537","114.609","0.76%"
"11/24/2022","115.583","115.048","115.628","115.048","0.31%"
"11/23/2022","115.223","114.194","115.223","114.035","0.85%"
"11/22/2022","114.248","113.895","114.745","113.826","0.52%"
"11/21/2022","113.662","113.656","114.035","113.275","0.32%"
"11/18/2022","113.297","112.852","113.446","112.219","0.46%"
"11/17/2022","112.780","113.381","113.851","112.295","-0.66%"
"11/16/2022","113.531","112.051","113.703","111.612","1.20%"
"11/15/2022","112.187","111.077","112.383","111.034","0.87%"
"11/14/2022","111.221","112.879","112.879","110.591","-1.22%"
"11/11/2022","112.593","112.879","112.879","112.267","-0.45%"
"11/10/2022","113.097","108.321","113.097","108.061","4.59%"
"11/09/2022","108.137","108.763","109.083","107.504","-0.64%"
"11/08/2022","108.837","107.584","108.837","107.363","1.13%"
"11/07/2022","107.625","107.794","108.227","107.420","-0.14%"
"11/04/2022","107.777","107.573","109.664","107.118","0.05%"
"11/03/2022","107.722","109.614","109.739","107.626","-2.03%"
"11/02/2022","109.950","109.338","110.288","108.449","0.57%"
"11/01/2022","109.326","109.181","110.257","108.580","0.30%"
"10/31/2022","108.996","109.060","109.186","108.291","-0.22%"
"10/28/2022","109.231","109.716","109.716","108.426","-0.32%"
"10/27/2022","109.578","108.948","109.992","108.378","0.37%"
"10/26/2022","109.170","108.274","109.185","108.246","0.97%"
"10/25/2022","108.126","106.819","108.387","106.819","1.53%"
"10/24/2022","106.500","106.306","107.006","105.398","0.29%"
"10/21/2022","106.194","106.335","106.384","106.151","-1.30%"
"10/19/2022","107.597","108.574","108.574","107.539","-1.02%"
"10/18/2022","108.708","108.563","110.112","108.204","0.17%"
"10/17/2022","108.519","108.432","109.405","108.382","0.18%"
"10/14/2022","108.320","111.671","112.356","108.222","-2.60%"
"10/13/2022","111.209","111.401","112.145","108.940","-0.37%"
"10/12/2022","111.621","110.901","111.712","110.538","0.69%"
"10/11/2022","110.852","112.165","112.165","110.723","-0.30%"
"10/10/2022","111.190","112.165","112.165","110.892","-0.81%"
"10/07/2022","112.096","113.310","113.333","112.073","-1.03%"
"10/06/2022","113.262","113.736","113.897","112.898","-0.28%"
"10/05/2022","113.585","114.882","114.899","112.935","-0.98%"
"10/04/2022","114.715","111.309","115.285","111.208","0.14%"
"10/03/2022","114.557","111.309","114.608","111.208","3.19%"
"09/30/2022","111.014","111.573","113.030","110.969","-0.76%"
"09/29/2022","111.860","112.156","112.383","111.115","-0.38%"
"09/28/2022","112.290","111.656","114.139","111.411","0.08%"
"09/27/2022","112.198","113.299","113.929","111.805","-0.84%"
"09/26/2022","113.150","114.876","115.223","113.124","-2.05%"
"09/23/2022","115.515","114.967","115.997","114.374","0.18%"
"09/22/2022","115.304","117.313","117.774","115.242","-1.89%"
"09/21/2022","117.520","117.013","117.897","116.829","1.15%"
"09/20/2022","116.179","116.905","116.995","115.731","-1.02%"
"09/19/2022","117.375","117.619","117.796","117.028","-0.22%"
"09/16/2022","117.629","117.831","117.975","117.288","-0.23%"
"09/15/2022","117.905","118.209","118.209","116.973","-0.36%"
"09/14/2022","118.336","117.502","118.343","117.161","0.51%"
"09/13/2022","117.741","118.812","119.312","116.791","-0.25%"
"09/12/2022","118.033","118.578","119.134","117.789","-0.49%"
"09/09/2022","118.618","117.800","119.023","117.716","0.30%"
"09/08/2022","118.267","119.100","119.539","118.229","-0.32%"
"09/07/2022","118.643","117.159","118.814","117.159","1.26%"
"09/06/2022","117.161","119.914","119.914","117.053","-1.92%"
"09/05/2022","119.456","119.914","119.914","119.456","-0.34%"
"09/02/2022","119.864","119.310","120.118","119.047","0.44%"
"09/01/2022","119.345","119.709","119.888","118.300","-0.37%"
"08/31/2022","119.787","120.554","120.911","119.747","-0.63%"
"08/30/2022","120.546","121.781","122.210","120.545","-0.76%"
"08/29/2022","121.470","121.378","121.871","120.954","-0.71%"
"08/26/2022","122.340","122.373","123.052","121.979","-0.24%"
"08/25/2022","122.637","121.272","122.641","121.052","1.23%"
"08/24/2022","121.153","121.897","122.202","120.492","-0.46%"
"08/23/2022","121.709","121.587","122.591","120.980","0.13%"
"08/22/2022","121.555","122.100","122.677","121.304","-0.62%"
"08/19/2022","122.320","123.748","123.767","122.188","-1.25%"
"08/18/2022","123.866","124.176","124.638","123.548","0.12%"
"08/17/2022","123.721","125.601","125.652","123.721","-1.42%"
"08/16/2022","125.508","125.473","125.718","124.370","0.12%"
"08/15/2022","125.356","124.969","125.947","124.669","0.25%"
"08/12/2022","125.041","124.386","125.041","124.193","0.68%"
"08/11/2022","124.203","125.286","125.982","124.074","-0.58%"
"08/10/2022","124.928","125.130","125.998","124.482","-0.20%"
"08/09/2022","125.174","125.607","125.720","124.742","-0.86%"
"08/08/2022","126.256","124.894","126.351","124.894","0.92%"
"08/05/2022","125.100","125.865","125.943","123.693","-0.55%"
"08/04/2022","125.797","126.121","126.859","125.595","-0.36%"
"08/03/2022","126.255","125.826","126.407","124.562","1.33%"
"08/02/2022","124.596","127.780","128.025","124.400","-2.00%"
"08/01/2022","127.137","125.595","127.228","125.299","1.11%"
"07/29/2022","125.743","125.447","126.451","125.036","0.50%"
"07/28/2022","125.114","124.541","125.641","123.916","0.66%"
"07/27/2022","124.290","124.562","125.468","124.122","-0.29%"
"07/26/2022","124.653","125.687","126.608","124.266","-0.64%"
"07/25/2022","125.454","126.548","126.701","125.161","-1.25%"
"07/22/2022","127.044","124.234","127.051","124.234","2.09%"
"07/21/2022","124.446","123.524","124.576","122.791","0.89%"
"07/20/2022","123.349","122.549","124.383","122.528","0.64%"
"07/19/2022","122.562","122.970","123.422","122.562","-0.21%"
"07/18/2022","122.820","123.422","123.520","122.171","-0.50%"
"07/15/2022","123.433","122.680","123.892","122.677","0.64%"
"07/14/2022","122.649","121.979","122.870","121.550","0.39%"
"07/13/2022","122.173","122.642","123.189","121.638","-0.46%"
"07/12/2022","122.733","122.381","123.151","122.242","0.53%"
"07/11/2022","122.092","120.641","122.806","120.641","1.00%"
"07/08/2022","120.884","122.046","122.415","120.548","-0.95%"
"07/07/2022","122.038","122.068","122.166","120.822","0.34%"
"07/06/2022","121.628","121.827","122.523","121.244","-0.28%"
"07/05/2022","121.975","121.110","122.471","120.200","0.93%"
"07/04/2022","120.848","121.110","121.110","120.848","-0.36%"
"07/01/2022","121.289","121.168","122.985","120.936","0.31%"
"06/30/2022","120.916","120.560","122.113","120.468","0.16%"
"06/29/2022","120.727","120.749","121.748","120.020","0.00%"
"06/28/2022","120.723","120.622","120.799","119.262","0.20%"
"06/27/2022","120.486","120.771","120.907","119.933","-0.24%"
"06/24/2022","120.771","120.534","121.048","120.007","0.10%"
"06/23/2022","120.645","120.827","121.899","120.458","0.04%"
"06/22/2022","120.602","119.380","120.953","119.345","1.10%"
"06/21/2022","119.291","119.789","119.789","118.725","-0.07%"
"06/20/2022","119.381","119.789","119.789","119.335","-0.43%"
"06/17/2022","119.897","119.290","120.066","119.044","-0.20%"
"06/16/2022","120.142","119.296","120.209","118.036","0.06%"
"06/15/2022","120.064","118.489","120.113","117.965","1.80%"
"06/14/2022","117.936","118.239","119.368","117.136","-1.34%"
"06/13/2022","119.536","121.851","122.038","118.422","-1.98%"
"06/10/2022","121.953","122.716","123.376","121.535","-0.69%"
"06/09/2022","122.803","122.766","123.567","122.622","-0.25%"
"06/08/2022","123.116","123.419","124.075","122.827","-0.32%"
"06/07/2022","123.509","123.006","124.489","122.903","0.35%"
"06/06/2022","123.073","124.282","124.428","122.937","-1.05%"
"06/03/2022","124.373","124.900","125.024","123.730","-0.56%"
"06/02/2022","125.067","125.096","125.299","124.663","0.02%"
"06/01/2022","125.041","124.688","125.466","124.369","0.15%"
"05/31/2022","124.858","126.145","126.145","124.229","-0.46%"
"05/30/2022","125.437","126.145","126.145","125.357","-0.63%"
"05/27/2022","126.226","125.659","126.226","125.553","0.41%"
"05/26/2022","125.705","125.104","125.930","124.767","0.22%"
"05/25/2022","125.436","123.807","125.645","123.690","1.23%"
"05/24/2022","123.916","123.477","124.986","123.392","0.51%"
"05/23/2022","123.282","123.617","123.725","122.870","-0.26%"
"05/20/2022","123.601","122.345","124.235","122.139","0.80%"
"05/19/2022","122.619","122.527","124.053","121.890","0.00%"
"05/18/2022","122.615","121.829","122.744","121.491","0.85%"
"05/17/2022","121.575","122.421","122.490","121.575","-0.94%"
"05/16/2022","122.730","122.922","123.861","122.643","-0.39%"
"05/13/2022","123.212","123.702","123.856","123.051","-0.84%"
"05/12/2022","124.250","124.873","126.079","123.973","-0.36%"
"05/11/2022","124.697","122.814","124.903","121.769","1.55%"
"05/10/2022","122.795","122.192","123.346","121.674","0.27%"
"05/09/2022","122.465","121.668","122.492","121.042","0.46%"
"05/06/2022","121.899","123.117","123.550","121.899","-1.45%"
"05/05/2022","123.692","123.969","124.316","122.431","-0.34%"
"05/04/2022","124.109","123.924","124.912","123.644","0.26%"
"05/03/2022","123.786","123.206","124.410","123.050","0.44%"
"05/02/2022","123.245","124.070","124.224","122.691","-1.15%"
"04/29/2022","124.673","126.091","126.091","124.658","-1.14%"
"04/28/2022","126.115","126.313","126.594","125.504","0.32%"
"04/27/2022","125.707","127.356","127.356","125.532","-1.60%"
"04/26/2022","127.747","126.341","127.815","126.227","0.63%"
"04/25/2022","126.953","126.151","127.511","126.122","1.54%"
"04/22/2022","125.023","125.937","126.972","124.994","-1.04%"
"04/21/2022","126.336","127.320","127.597","126.012","-1.17%"
"04/20/2022","127.837","125.170","127.910","125.170","1.39%"
"04/19/2022","126.078","126.808","126.904","125.826","-0.49%"
"04/18/2022","126.697","127.151","127.469","126.320","-0.36%"
"04/15/2022","127.151","127.151","127.151","127.151","0.13%"
"04/14/2022","126.987","128.626","128.995","126.922","-1.06%"
"04/13/2022","128.353","128.006","129.318","127.462","-0.44%"
"04/12/2022","128.923","127.695","129.423","127.667","-0.10%"
"04/11/2022","129.049","128.988","129.129","127.925","-0.17%"
"04/08/2022","129.268","131.855","131.855","129.199","-1.75%"
"04/07/2022","131.565","132.796","133.176","131.200","-0.76%"
"04/06/2022","132.567","132.751","133.456","131.850","-0.71%"
"04/05/2022","133.509","135.056","135.077","132.738","-1.36%"
"04/04/2022","135.347","135.577","135.618","134.751","0.21%"
"04/01/2022","135.064","134.270","135.931","133.307","0.20%"
"03/31/2022","134.788","134.758","135.513","134.488","0.17%"
"03/30/2022","134.553","134.601","135.096","133.743","0.31%"
"03/29/2022","134.139","132.973","134.522","132.233","1.19%"
"03/28/2022","132.559","131.184","133.785","130.060","1.34%"
"03/25/2022","130.812","134.346","134.721","130.812","-2.64%"
"03/24/2022","134.358","134.224","134.481","132.890","-0.48%"
"03/23/2022","135.005","132.274","135.111","132.274","1.84%"
"03/22/2022","132.560","133.631","133.826","132.391","-1.66%"
"03/21/2022","134.795","137.052","137.052","133.372","-0.54%"
"03/18/2022","135.528","135.318","136.328","135.283","0.00%"
"03/17/2022","135.531","134.042","135.531","133.627","1.50%"
"03/16/2022","133.529","132.743","133.696","132.077","0.56%"
"03/15/2022","132.785","132.180","133.223","132.117","0.01%"
"03/14/2022","132.766","133.969","134.393","132.621","-1.48%"
"03/11/2022","134.755","135.030","135.430","134.382","0.05%"
"03/10/2022","134.689","136.065","136.594","134.398","-0.98%"
"03/09/2022","136.029","136.679","136.688","135.827","-0.56%"
"03/08/2022","136.798","137.662","137.998","136.421","-0.76%"
"03/07/2022","137.840","139.538","140.064","137.699","-1.00%"
"03/04/2022","139.239","139.422","140.367","138.873","0.50%"
"03/03/2022","138.548","138.322","139.329","137.910","-0.15%"
"03/02/2022","138.758","139.945","140.773","138.344","-1.33%"
"03/01/2022","140.625","139.575","141.442","139.388","0.42%"
"02/28/2022","140.037","138.876","140.056","138.788","1.36%"
"02/25/2022","138.164","137.592","138.270","136.700","0.55%"
"02/24/2022","137.407","138.266","139.253","137.160","0.23%"
"02/23/2022","137.097","138.464","138.464","137.097","-1.14%"
"02/22/2022","138.678","138.864","140.021","138.517","-0.37%"
"02/21/2022","139.197","138.864","139.197","138.864","0.17%"
"02/18/2022","138.965","137.989","139.083","137.989","-0.19%"
"02/17/2022","139.230","138.395","139.590","138.395","0.80%"
"02/16/2022","138.129","138.800","139.200","137.592","-0.33%"
"02/15/2022","138.592","139.718","139.771","137.730","-0.72%"
"02/14/2022","139.594","139.478","140.294","138.685","-1.49%"
"02/11/2022","141.702","139.146","141.713","138.544","1.32%"
"02/10/2022","139.850","141.064","141.064","138.927","-0.96%"
"02/09/2022","141.211","141.210","141.600","140.976","0.29%"
"02/08/2022","140.808","139.943","141.036","139.415","0.49%"
"02/07/2022","140.128","140.534","140.744","140.033","-0.20%"
"02/04/2022","140.415","140.527","141.157","139.313","-0.26%"
"02/03/2022","140.781","142.068","142.096","140.508","-0.78%"
"02/02/2022","141.894","141.293","142.698","141.119","0.46%"
"02/01/2022","141.249","141.377","142.036","140.789","-0.04%"
"01/31/2022","141.303","141.068","142.939","140.674","-0.01%"
"01/28/2022","141.324","143.298","143.540","141.108","-1.53%"
"01/27/2022","143.522","141.620","144.110","141.599","1.42%"
"01/26/2022","141.516","143.837","144.085","141.311","-1.60%"
"01/25/2022","143.820","143.582","144.233","142.244","0.25%"
"01/24/2022","143.468","144.028","144.976","143.388","-0.54%"
"01/21/2022","144.249","145.264","145.995","143.316","-0.37%"
"01/20/2022","144.792","142.416","144.865","142.270","1.41%"
"01/19/2022","142.777","143.229","143.854","142.671","-0.44%"
"01/18/2022","143.403","144.993","144.993","141.828","-0.55%"
"01/17/2022","144.196","144.993","144.993","144.196","-0.32%"
"01/14/2022","144.652","145.004","145.262","143.493","-0.53%"
"01/13/2022","145.418","145.633","145.968","144.780","-0.03%"
"01/12/2022","145.458","145.127","146.233","144.847","0.24%"
"01/11/2022","145.117","145.913","146.331","144.699","-0.66%"
"01/10/2022","146.076","145.026","146.076","144.404","0.70%"
"01/07/2022","145.060","146.512","146.596","144.548","-0.96%"
"01/06/2022","146.469","146.347","146.551","145.676","0.02%"
"01/05/2022","146.447","147.182","147.332","145.355","0.15%"
"01/04/2022","146.233","147.104","147.159","145.631","-0.51%"
"01/03/2022","146.987","149.016","149.016","146.311","-1.29%"
"12/31/2021","148.902","148.641","149.305","148.458","0.07%"
"12/30/2021","148.803","146.614","148.843","146.579","1.57%"
"12/29/2021","146.496","147.839","147.894","146.447","-0.80%"
"12/28/2021","147.674","147.846","148.295","147.525","-0.15%"
"12/27/2021","147.897","147.844","147.958","147.669","0.15%"
"12/24/2021","147.672","147.672","147.672","147.672","0.02%"
"12/23/2021","147.638","148.428","148.484","147.603","-0.58%"
"12/22/2021","148.498","148.083","148.532","147.782","0.27%"
"12/21/2021","148.092","148.363","148.566","147.286","-0.22%"
"12/20/2021","148.423","150.254","150.669","148.423","-0.96%"
"12/17/2021","149.862","149.372","150.171","149.166","0.40%"
"12/16/2021","149.272","149.006","149.443","148.437","0.07%"
"12/15/2021","149.167","149.600","152.435","148.775","-0.24%"
"12/14/2021","149.531","150.230","150.241","148.811","-0.55%"
"12/13/2021","150.364","148.898","150.364","148.659","0.87%"
"12/10/2021","149.067","149.033","149.760","148.773","0.01%"
"12/09/2021","149.055","148.552","149.478","148.552","0.41%"
"12/08/2021","148.451","150.396","150.929","148.430","-0.72%"
"12/07/2021","149.534","149.589","150.167","149.191","0.22%"
"12/06/2021","149.200","150.168","150.378","149.096","-0.58%"
"12/03/2021","150.071","149.391","150.298","148.281","1.17%"
"12/02/2021","148.342","148.383","148.814","148.004","-1.04%"
"12/01/2021","149.894","149.076","149.905","148.775","0.29%"
"11/30/2021","149.462","148.676","149.936","148.330","0.39%"
"11/29/2021","148.889","148.510","148.889","147.879","-0.32%"
"11/26/2021","149.370","147.227","149.761","147.227","1.33%"
"11/25/2021","147.415","147.227","147.425","147.227","0.10%"
"11/24/2021","147.273","147.018","147.417","146.384","0.51%"
"11/23/2021","146.533","146.895","147.236","146.389","-0.59%"
"11/22/2021","147.405","148.759","149.048","147.231","-1.55%"
"11/19/2021","149.728","148.570","149.889","148.440","0.62%"
"11/18/2021","148.809","148.642","148.939","148.355","0.15%"
"11/17/2021","148.588","147.509","148.588","147.471","0.62%"
"11/16/2021","147.668","148.229","148.552","147.634","-0.37%"
"11/15/2021","148.217","149.261","149.641","147.934","-0.70%"
"11/12/2021","149.261","149.511","149.652","148.833","0.23%"
"11/11/2021","148.925","149.511","149.511","148.882","-0.25%"
"11/10/2021","149.305","151.718","151.736","149.098","-0.78%"
"11/09/2021","150.477","151.105","152.024","150.477","-0.07%"
"11/08/2021","150.582","149.933","150.651","149.691","0.25%"
"11/05/2021","150.206","148.773","151.218","148.630","0.94%"
"11/04/2021","148.812","148.150","149.732","148.150","0.70%"
"11/03/2021","147.773","149.170","149.396","147.751","-1.06%"
"11/02/2021","149.351","148.921","149.547","148.812","0.23%"
"11/01/2021","149.013","149.860","150.143","148.498","0.40%"
"10/29/2021","148.419","148.043","148.739","147.357","0.25%"
"10/28/2021","148.054","148.904","149.289","147.997","-0.58%"
"10/27/2021","148.910","147.786","149.715","147.786","0.54%"
"10/26/2021","148.105","147.373","148.105","147.243","0.42%"
"10/25/2021","147.482","147.300","147.674","146.899","-0.06%"
"10/22/2021","147.573","146.456","147.618","146.456","0.74%"
"10/21/2021","146.488","146.674","147.221","146.426","-0.23%"
"10/20/2021","146.818","146.943","147.605","146.818","-0.38%"
"10/19/2021","147.384","148.568","148.700","147.362","-0.71%"
"10/18/2021","148.438","148.261","148.655","147.828","0.00%"
"10/15/2021","148.439","149.041","149.064","148.262","-0.52%"
"10/14/2021","149.219","148.559","149.316","148.353","0.21%"
"10/13/2021","148.901","148.009","148.987","147.912","0.48%"
"10/12/2021","148.186","147.233","148.220","146.882","0.89%"
"10/11/2021","146.882","147.233","147.233","146.882","-0.16%"
"10/08/2021","147.113","147.470","147.731","146.983","-0.44%"
"10/07/2021","147.761","148.400","148.824","147.682","-0.57%"
"10/06/2021","148.602","148.076","148.969","147.615","0.09%"
"10/05/2021","148.465","149.408","149.408","148.311","-0.58%"
"10/04/2021","149.328","149.738","149.750","148.827","-0.21%"
"10/01/2021","149.641","149.930","149.930","148.828","-0.07%"
"09/30/2021","149.751","149.496","149.855","148.810","0.81%"
"09/29/2021","148.549","148.406","149.032","148.103","-0.03%"
"09/28/2021","148.596","150.446","150.446","148.562","-1.24%"
"09/27/2021","150.465","150.868","151.161","149.930","-0.34%"
"09/24/2021","150.974","151.596","151.991","150.845","-0.35%"
"09/23/2021","151.508","153.231","153.231","151.496","-1.35%"
"09/22/2021","153.577","152.843","153.601","152.629","0.46%"
"09/21/2021","152.874","152.726","152.999","152.370","-0.16%"
"09/20/2021","153.114","152.175","153.395","152.175","0.62%"
"09/17/2021","152.176","152.336","152.591","151.633","-0.27%"
"09/16/2021","152.591","152.615","152.639","151.804","-0.33%"
"09/15/2021","153.096","153.431","153.964","152.882","-0.23%"
"09/14/2021","153.456","152.306","153.672","152.052","0.65%"
"09/13/2021","152.462","151.875","152.527","151.852","0.34%"
"09/10/2021","151.947","152.469","152.516","151.794","-0.51%"
"09/09/2021","152.731","151.777","152.850","151.712","0.59%"
"09/08/2021","151.827","148.627","151.999","148.431","2.13%"
"09/07/2021","148.656","149.580","149.580","148.541","-0.43%"
"09/06/2021","149.294","149.580","149.580","149.294","-0.18%"
"09/03/2021","149.570","150.064","150.279","149.430","-0.16%"
"09/02/2021","149.816","149.474","149.816","149.433","0.17%"
"09/01/2021","149.562","149.035","150.190","149.018","-0.14%"
"08/31/2021","149.777","150.612","150.624","149.667","-0.46%"
"08/30/2021","150.466","150.093","150.501","149.842","0.35%"
"08/27/2021","149.941","149.487","150.139","149.394","0.40%"
"08/26/2021","149.344","149.478","149.588","149.003","0.00%"
"08/25/2021","149.340","150.195","150.400","149.305","-0.58%"
"08/24/2021","150.217","150.744","150.844","150.182","-0.48%"
"08/23/2021","150.949","150.896","151.008","150.521","-0.03%"
"08/20/2021","151.001","151.077","151.336","150.813","-0.03%"
"08/19/2021","151.043","150.590","151.390","150.503","0.21%"
"08/18/2021","150.734","150.424","150.793","150.096","0.18%"
"08/17/2021","150.460","150.564","151.168","150.311","0.06%"
"08/16/2021","150.365","150.443","151.063","150.162","0.08%"
"08/13/2021","150.253","149.350","150.358","149.279","0.67%"
"08/12/2021","149.249","149.375","149.576","148.904","-0.07%"
"08/11/2021","149.354","149.275","149.716","148.916","0.07%"
"08/10/2021","149.246","149.915","149.990","149.246","-0.46%"
"08/09/2021","149.939","150.213","150.639","149.665","-0.11%"
"08/06/2021","150.103","151.081","151.105","149.889","-0.78%"
"08/05/2021","151.282","151.680","152.137","151.248","-0.44%"
"08/04/2021","151.949","151.604","152.528","151.235","0.08%"
"08/03/2021","151.829","151.460","151.870","151.136","0.20%"
"08/02/2021","151.523","150.458","151.897","150.264","0.59%"
"07/30/2021","150.636","150.366","150.728","150.288","0.36%"
"07/29/2021","150.090","150.548","150.548","149.782","-0.29%"
"07/28/2021","150.531","150.400","150.629","149.795","0.03%"
"07/27/2021","150.482","149.670","150.595","149.611","0.64%"
"07/26/2021","149.531","149.974","150.978","149.531","-0.24%"
"07/23/2021","149.885","149.944","149.979","149.355","-0.07%"
"07/22/2021","149.986","149.665","150.574","149.363","0.25%"
"07/21/2021","149.611","150.620","150.873","149.022","-0.57%"
"07/20/2021","150.464","150.954","152.158","150.246","-0.51%"
"07/19/2021","151.228","150.696","152.243","150.308","0.73%"
"07/16/2021","150.133","149.955","150.215","149.537","-0.05%"
"07/15/2021","150.213","149.826","150.518","149.704","0.37%"
"07/14/2021","149.654","148.592","149.666","148.542","0.85%"
"07/13/2021","148.398","150.413","151.086","148.363","-1.37%"
"07/12/2021","150.459","150.787","151.249","150.408","-0.13%"
"07/09/2021","150.652","151.577","151.577","150.640","-0.79%"
"07/08/2021","151.854","151.646","152.840","151.561","0.26%"
"07/07/2021","151.463","151.376","152.366","151.081","0.10%"
"07/06/2021","151.316","149.923","151.354","149.647","0.99%"
"07/05/2021","149.839","149.923","149.923","149.839","-0.10%"
"07/02/2021","149.994","149.502","150.137","149.478","0.25%"
"07/01/2021","149.626","149.315","149.626","149.029","0.21%"
"06/30/2021","149.317","149.598","150.334","149.252","-0.24%"
"06/29/2021","149.671","149.418","149.694","148.899","0.19%"
"06/28/2021","149.388","147.844","149.483","147.700","1.01%"
"06/25/2021","147.897","147.874","148.159","146.846","0.02%"
"06/24/2021","147.864","147.928","148.181","147.597","-0.09%"
"06/23/2021","147.990","148.238","148.255","147.725","-0.17%"
"06/22/2021","148.247","147.935","148.304","147.354","0.31%"
"06/21/2021","147.782","149.131","150.545","147.722","-0.84%"
"06/18/2021","149.028","146.405","149.098","146.223","0.86%"
"06/17/2021","147.760","146.405","148.468","146.223","1.03%"
"06/16/2021","146.251","146.969","147.328","146.192","-0.66%"
"06/15/2021","147.229","147.252","147.315","146.767","0.09%"
"06/14/2021","147.099","147.677","147.823","146.953","-0.51%"
"06/11/2021","147.858","148.163","148.260","147.551","-0.20%"
"06/10/2021","148.152","147.424","148.175","146.604","0.57%"
"06/09/2021","147.310","146.641","147.644","146.641","0.52%"
"06/08/2021","146.548","146.160","146.941","146.160","0.35%"
"06/07/2021","146.038","146.097","146.182","145.840","-0.21%"
"06/04/2021","146.343","145.054","146.367","145.042","0.80%"
"06/03/2021","145.175","145.620","145.643","145.043","-0.34%"
"06/02/2021","145.668","145.204","145.679","145.204","0.17%"
"06/01/2021","145.421","145.745","145.745","144.815","-0.08%"
"05/31/2021","145.544","145.745","145.745","145.544","0.01%"
"05/28/2021","145.533","145.461","145.899","145.319","-0.06%"
"05/27/2021","145.621","145.994","146.129","145.255","-0.27%"
"05/26/2021","146.010","146.047","146.435","145.926","-0.19%"
"05/25/2021","146.290","145.423","146.328","145.378","0.57%"
"05/24/2021","145.468","145.074","145.610","145.048","0.23%"
"05/21/2021","145.131","144.840","145.148","144.685","0.14%"
"05/20/2021","144.923","144.343","144.960","144.140","0.63%"
"05/19/2021","144.014","144.405","144.732","143.673","-0.32%"
"05/18/2021","144.482","144.230","144.482","143.976","0.21%"
"05/17/2021","144.173","144.677","145.010","144.173","-0.37%"
"05/14/2021","144.704","144.135","144.745","144.082","0.42%"
"05/13/2021","144.094","144.026","144.368","143.691","0.24%"
"05/12/2021","143.753","144.833","145.210","143.619","-0.86%"
"05/11/2021","145.003","145.566","145.593","144.776","-0.24%"
"05/10/2021","145.351","145.550","146.133","145.324","-0.38%"
"05/07/2021","145.904","146.121","147.185","145.841","-0.30%"
"05/06/2021","146.339","146.121","146.513","145.955","0.00%"
"05/05/2021","146.335","146.010","146.347","145.549","0.21%"
"05/04/2021","146.035","145.710","146.606","145.465","0.13%"
"05/03/2021","145.843","145.467","146.242","145.080","0.23%"
"04/30/2021","145.511","145.168","145.569","145.040","0.13%"
"04/29/2021","145.327","145.162","145.422","144.565","-0.22%"
"04/28/2021","145.644","145.578","145.707","145.087","0.07%"
"04/27/2021","145.545","146.334","146.366","145.487","-0.62%"
"04/26/2021","146.453","146.456","146.684","145.870","-0.06%"
"04/23/2021","146.548","146.518","146.911","146.157","-0.16%"
"04/22/2021","146.783","146.743","146.817","145.963","0.26%"
"04/21/2021","146.404","146.210","146.444","145.958","0.09%"
"04/20/2021","146.266","145.479","146.324","145.133","0.46%"
"04/19/2021","145.592","146.257","146.584","145.509","-0.21%"
"04/16/2021","145.903","145.866","146.469","145.651","-0.06%"
"04/15/2021","145.993","145.093","146.949","145.035","0.60%"
"04/14/2021","145.127","145.341","145.402","144.868","-0.22%"
"04/13/2021","145.445","144.617","145.467","144.301","0.42%"
"04/12/2021","144.836","144.838","145.298","144.553","-0.07%"
"04/09/2021","144.936","145.469","145.469","144.498","-0.29%"
"04/08/2021","145.353","144.472","145.460","144.472","0.69%"
"04/07/2021","144.355","144.834","145.315","144.355","-0.35%"
"04/06/2021","144.862","144.463","144.988","144.062","0.43%"
"04/05/2021","144.243","144.742","144.793","143.685","0.04%"
"04/02/2021","144.191","144.742","144.793","143.914","-0.40%"
"04/01/2021","144.776","143.520","144.813","143.498","0.93%"
"03/31/2021","143.447","143.636","144.052","143.317","-0.45%"
"03/30/2021","144.102","143.325","144.102","142.788","0.32%"
"03/29/2021","143.637","144.401","144.881","143.414","-0.43%"
"03/26/2021","144.252","144.898","144.925","144.085","-0.44%"
"03/25/2021","144.883","145.124","145.749","144.859","-0.39%"
"03/24/2021","145.450","145.435","145.745","144.814","0.01%"
"03/23/2021","145.433","144.487","145.460","144.487","0.86%"
"03/22/2021","144.186","143.845","144.515","143.845","0.50%"
"03/19/2021","143.469","143.140","144.084","142.992","0.01%"
"03/18/2021","143.460","143.917","143.963","142.456","-0.52%"
"03/17/2021","144.209","144.696","144.815","143.568","-0.30%"
"03/16/2021","144.644","144.408","144.784","143.749","-0.10%"
"03/15/2021","144.788","144.109","144.921","143.870","0.40%"
"03/12/2021","144.209","146.020","146.052","143.880","-1.30%"
"03/11/2021","146.108","146.490","147.354","146.034","-0.45%"
"03/10/2021","146.766","145.536","146.816","145.075","0.11%"
"03/09/2021","146.612","145.826","146.651","145.816","0.57%"
"03/08/2021","145.780","145.932","146.304","145.765","-0.24%"
"03/05/2021","146.135","145.861","146.774","145.666","-0.10%"
"03/04/2021","146.282","147.227","147.902","146.178","-0.65%"
"03/03/2021","147.235","148.397","148.467","146.982","-0.98%"
"03/02/2021","148.697","148.672","148.750","147.722","0.25%"
"03/01/2021","148.324","149.059","149.059","147.763","0.35%"
"02/26/2021","147.805","145.422","148.048","145.202","2.05%"
"02/25/2021","144.837","146.734","146.898","143.902","-1.82%"
"02/24/2021","147.524","148.273","148.424","146.504","-1.28%"
"02/23/2021","149.430","149.222","149.481","148.755","0.16%"
"02/22/2021","149.197","149.486","150.005","148.946","-0.46%"
"02/19/2021","149.885","151.106","151.106","149.633","-0.59%"
"02/18/2021","150.775","151.004","151.228","150.261","0.12%"
"02/17/2021","150.588","150.502","150.847","150.010","0.75%"
"02/16/2021","149.473","150.919","150.919","149.201","-0.54%"
"02/15/2021","150.278","150.919","150.919","150.244","-0.31%"
"02/12/2021","150.743","151.908","152.030","150.721","-0.68%"
"02/11/2021","151.780","152.325","152.566","151.753","-0.87%"
"02/10/2021","153.105","152.571","153.114","152.315","0.35%"
"02/09/2021","152.573","152.171","152.614","151.986","0.44%"
"02/08/2021","151.900","151.708","152.373","151.331","0.04%"
"02/05/2021","151.845","152.717","152.790","151.694","-0.51%"
"02/04/2021","152.621","152.487","152.830","152.332","-0.05%"
"02/03/2021","152.703","153.421","153.476","152.703","-0.65%"
"02/02/2021","153.708","154.458","154.597","153.455","-0.57%"
"02/01/2021","154.586","154.697","155.008","154.474","-0.19%"
"01/29/2021","154.880","155.476","155.714","153.823","-0.37%"
"01/28/2021","155.462","156.239","156.570","155.125","-0.56%"
"01/27/2021","156.331","155.824","156.463","155.623","0.25%"
"01/26/2021","155.934","155.798","156.061","155.573","-0.01%"
"01/25/2021","155.956","154.647","156.007","154.513","0.73%"
"01/22/2021","154.827","155.574","156.165","154.794","-0.48%"
"01/21/2021","155.573","155.247","155.779","154.517","0.09%"
"01/20/2021","155.432","155.193","155.455","154.965","0.14%"
"01/19/2021","155.210","154.881","155.317","154.511","0.10%"
"01/18/2021","155.051","154.881","155.089","154.881","-0.06%"
"01/15/2021","155.142","154.764","155.175","154.629","0.45%"
"01/14/2021","154.444","154.806","155.268","154.311","-0.55%"
"01/13/2021","155.293","154.608","155.414","154.441","0.52%"
"01/12/2021","154.489","154.191","154.489","153.599","0.13%"
"01/11/2021","154.282","154.641","154.991","154.234","-0.19%"
"01/08/2021","154.571","154.680","155.323","154.446","-0.34%"
"01/07/2021","155.103","155.741","155.999","154.955","-0.55%"
"01/06/2021","155.963","156.636","156.636","155.114","-0.86%"
"01/05/2021","157.317","157.894","158.003","157.094","-0.49%"
"01/04/2021","158.088","157.938","158.365","157.514","-0.09%"
"12/31/2020","158.238","157.965","158.334","157.779","0.14%"
"12/30/2020","158.015","157.919","158.063","157.315","0.18%"
"12/29/2020","157.738","157.752","157.915","157.472","-0.24%"
"12/28/2020","158.112","157.840","158.112","157.221","0.06%"
"12/24/2020","158.020","157.895","158.245","157.804","0.01%"
"12/23/2020","158.012","158.766","158.862","157.421","-0.40%"
"12/22/2020","158.653","158.303","158.682","158.173","0.29%"
"12/21/2020","158.191","158.120","159.199","157.899","0.13%"
"12/18/2020","157.993","158.372","158.608","157.855","-0.13%"
"12/17/2020","158.199","158.376","159.161","158.059","-0.26%"
"12/16/2020","158.619","158.904","158.908","157.966","-0.10%"
"12/15/2020","158.772","159.259","159.409","158.530","-0.23%"
"12/14/2020","159.131","158.909","159.286","158.302","-0.07%"
"12/11/2020","159.235","159.424","160.096","159.100","-0.21%"
"12/10/2020","159.578","158.865","159.593","158.757","0.57%"
"12/09/2020","158.675","158.738","158.960","158.323","-0.20%"
"12/08/2020","158.997","158.674","159.458","158.492","0.14%"
"12/07/2020","158.769","158.057","158.779","157.947","0.65%"
"12/04/2020","157.739","159.201","159.245","157.566","-0.89%"
"12/03/2020","159.157","158.447","159.215","158.394","0.36%"
"12/02/2020","158.580","158.995","159.227","158.008","-0.21%"
"12/01/2020","158.920","160.177","160.373","158.196","-0.84%"
"11/30/2020","160.268","160.171","160.479","159.902","0.03%"
"11/27/2020","160.218","157.677","160.247","157.677","1.38%"
"11/26/2020","158.035","157.677","158.157","157.677","0.30%"
"11/25/2020","157.565","157.535","158.230","157.522","-0.08%"
"11/24/2020","157.694","158.278","158.529","157.675","-0.55%"
"11/23/2020","158.563","158.936","159.057","158.361","-0.41%"
"11/20/2020","159.218","158.832","159.223","158.503","0.38%"
"11/19/2020","158.617","158.280","158.801","157.944","0.45%"
"11/18/2020","157.912","158.209","158.563","157.363","-0.04%"
"11/17/2020","157.971","157.126","157.985","156.849","0.62%"
"11/16/2020","156.995","157.249","157.802","156.632","-0.19%"
"11/13/2020","157.295","157.658","157.904","157.237","-0.16%"
"11/12/2020","157.550","155.837","157.564","155.794","1.27%"
"11/10/2020","155.576","156.464","156.714","155.419","-0.42%"
"11/09/2020","156.239","157.261","157.864","154.439","-0.76%"
"11/06/2020","157.428","158.578","158.837","157.155","-0.84%"
"11/05/2020","158.763","159.135","159.628","158.174","0.16%"
"11/04/2020","158.505","156.737","158.958","156.737","1.62%"
"11/03/2020","155.972","156.700","156.700","155.833","-0.62%"
"11/02/2020","156.948","156.605","157.319","156.304","0.32%"
"10/30/2020","156.443","157.461","157.794","156.327","-0.57%"
"10/29/2020","157.341","158.095","158.506","156.974","-0.65%"
"10/28/2020","158.363","158.547","158.926","158.241","-0.07%"
"10/27/2020","158.473","162.548","162.628","157.896","-2.48%"
"10/26/2020","162.502","161.952","162.697","161.942","0.53%"
"10/23/2020","161.646","161.126","161.699","160.874","0.42%"
"10/22/2020","160.973","158.254","160.973","157.092","1.84%"
"10/21/2020","158.058","158.236","158.602","157.748","-0.48%"
"10/20/2020","158.817","159.336","159.410","158.515","-0.28%"
"10/19/2020","159.262","159.545","159.614","159.071","-0.29%"
"10/16/2020","159.725","157.874","159.999","157.401","1.23%"
"10/15/2020","157.791","158.261","158.855","157.791","-0.12%"
"10/14/2020","157.981","157.890","158.483","157.866","-0.01%"
"10/13/2020","157.994","157.355","158.052","157.174","0.41%"
"10/12/2020","157.355","157.355","157.355","157.355","0.27%"
"10/09/2020","156.936","156.872","157.209","156.445","0.05%"
"10/08/2020","156.864","156.653","157.197","156.638","0.05%"
"10/07/2020","156.793","157.514","157.552","156.529","-0.63%"
"10/06/2020","157.786","157.022","157.922","156.491","0.60%"
"10/05/2020","156.845","157.742","157.896","156.352","-0.71%"
"10/02/2020","157.964","158.679","159.088","157.900","-0.38%"
"10/01/2020","158.566","158.260","158.745","157.809","0.02%"
"09/30/2020","158.536","158.617","158.983","157.670","-0.20%"
"09/29/2020","158.850","158.769","159.134","158.691","0.02%"
"09/28/2020","158.811","158.907","159.020","158.544","-0.12%"
"09/25/2020","159.006","158.612","159.105","158.597","0.11%"
"09/24/2020","158.830","158.555","158.967","158.555","0.18%"
"09/23/2020","158.538","158.625","158.872","158.107","-0.05%"
"09/22/2020","158.617","158.610","158.799","158.358","-0.01%"
"09/21/2020","158.634","158.070","159.090","158.070","0.38%"
"09/18/2020","158.029","158.201","158.551","157.942","-0.04%"
"09/17/2020","158.087","158.177","158.974","158.051","0.17%"
"09/16/2020","157.815","158.321","158.790","157.799","-0.28%"
"09/15/2020","158.262","158.501","158.589","158.105","-0.12%"
"09/14/2020","158.460","158.417","158.799","158.277","-0.04%"
"09/11/2020","158.529","158.104","158.553","157.851","0.19%"
"09/10/2020","158.224","157.923","158.282","157.140","0.28%"
"09/09/2020","157.788","158.969","159.328","157.681","-0.63%"
"09/08/2020","158.784","157.966","159.382","157.825","0.61%"
"09/07/2020","157.825","157.966","157.966","157.825","-0.08%"
"09/04/2020","157.950","159.400","159.415","157.478","-0.92%"
"09/03/2020","159.411","158.764","159.839","158.499","0.28%"
"09/02/2020","158.966","157.970","158.990","157.767","0.49%"
"09/01/2020","158.192","157.205","158.241","156.750","0.52%"
"08/31/2020","157.377","156.983","157.599","156.549","0.23%"
"08/28/2020","157.023","158.571","158.905","155.767","0.24%"
"08/27/2020","156.642","158.571","158.905","156.642","-1.10%"
"08/26/2020","158.381","158.433","158.454","157.818","-0.11%"
"08/25/2020","158.560","159.051","159.223","158.117","-0.52%"
"08/24/2020","159.381","159.817","159.976","159.312","-0.17%"
"08/21/2020","159.650","159.031","159.733","158.973","0.37%"
"08/20/2020","159.067","158.895","159.423","158.763","0.28%"
"08/19/2020","158.621","158.233","158.914","157.732","0.36%"
"08/18/2020","158.054","158.927","159.395","158.054","-0.37%"
"08/17/2020","158.646","159.044","159.933","158.545","-0.32%"
"08/14/2020","159.150","159.510","159.994","159.078","-0.19%"
"08/13/2020","159.458","160.801","161.118","159.243","-0.61%"
"08/12/2020","160.437","161.068","161.068","160.076","-0.39%"
"08/11/2020","161.060","162.006","162.267","160.651","-0.67%"
"08/10/2020","162.147","162.656","162.912","162.147","-0.27%"
"08/07/2020","162.580","163.517","163.733","162.503","-0.41%"
"08/06/2020","163.255","163.086","163.949","162.904","0.22%"
"08/05/2020","162.892","164.205","164.246","162.699","-0.81%"
"08/04/2020","164.230","163.165","164.364","163.165","0.54%"
"08/03/2020","163.351","163.805","163.829","162.950","-0.37%"
"07/31/2020","163.963","164.003","164.310","163.301","0.11%"
"07/30/2020","163.780","163.167","163.966","163.127","0.45%"
"07/29/2020","163.041","164.194","164.320","162.806","-0.77%"
"07/28/2020","164.307","163.218","164.348","162.926","0.52%"
"07/27/2020","163.453","163.912","164.480","163.392","-0.40%"
"07/24/2020","164.112","161.958","164.146","161.375","1.34%"
"07/23/2020","161.946","161.888","162.601","161.679","0.09%"
"07/22/2020","161.803","160.621","162.224","160.574","0.74%"
"07/21/2020","160.617","160.521","160.848","160.254","0.05%"
"07/20/2020","160.540","160.093","160.735","160.093","0.19%"
"07/17/2020","160.239","160.385","160.901","160.108","-0.14%"
"07/16/2020","160.461","160.267","160.827","160.267","0.21%"
"07/15/2020","160.119","160.150","160.543","159.664","-0.21%"
"07/14/2020","160.458","160.626","160.951","160.256","-0.07%"
"07/13/2020","160.574","160.248","160.574","159.537","0.32%"
"07/10/2020","160.054","160.468","161.624","160.022","-0.31%"
"07/09/2020","160.544","159.278","160.732","159.188","0.89%"
"07/08/2020","159.129","159.453","159.623","158.938","-0.30%"
"07/07/2020","159.603","156.418","159.733","156.306","2.13%"
"07/06/2020","156.279","156.937","157.215","155.857","-0.60%"
"07/03/2020","157.215","156.937","157.215","156.937","0.07%"
"07/02/2020","157.106","155.635","157.106","155.451","0.86%"
"07/01/2020","155.764","154.785","155.864","154.338","0.34%"
"06/30/2020","155.242","155.693","156.053","154.999","-0.37%"
"06/29/2020","155.812","156.035","156.051","155.448","-0.13%"
"06/28/2020","156.016","156.035","156.051","155.986","0.12%"
"06/26/2020","155.828","154.863","155.873","154.813","0.64%"
"06/25/2020","154.833","156.926","157.131","154.692","-1.20%"
"06/24/2020","156.706","155.993","156.706","155.458","0.37%"
"06/23/2020","156.134","156.375","156.637","155.868","-0.20%"
"06/22/2020","156.443","154.903","157.097","154.891","0.87%"
"06/21/2020","155.090","154.903","155.132","154.903","0.02%"
"06/19/2020","155.066","154.769","155.104","153.947","0.22%"
"06/18/2020","154.725","154.664","155.044","154.225","0.49%"
"06/17/2020","153.976","153.836","154.070","153.268","0.14%"
"06/16/2020","153.756","153.305","153.771","152.139","-0.08%"
"06/15/2020","153.882","154.202","155.258","153.841","-0.68%"
"06/14/2020","154.931","154.202","154.946","154.202","0.57%"
"06/12/2020","154.048","154.640","154.765","153.826","-0.65%"
"06/11/2020","155.059","154.372","156.016","154.342","0.61%"
"06/10/2020","154.125","152.782","154.270","152.697","0.86%"
"06/09/2020","152.815","149.550","153.026","149.496","2.59%"
"06/08/2020","148.960","148.440","149.189","147.814","0.43%"
"06/07/2020","148.317","148.440","148.440","148.317","-0.17%"
"06/05/2020","148.568","149.487","149.501","146.783","-0.41%"
"06/04/2020","149.178","150.967","151.074","149.178","-1.18%"
"06/03/2020","150.958","151.537","151.994","150.446","-0.68%"
"06/02/2020","151.986","151.984","152.453","151.196","0.26%"
"06/01/2020","151.597","152.297","152.297","151.329","-0.43%"
"05/31/2020","152.256","152.297","152.297","152.171","-0.05%"
"05/29/2020","152.337","152.026","152.445","151.774","0.47%"
"05/28/2020","151.625","151.685","152.094","151.340","-0.04%"
"05/27/2020","151.685","151.977","152.389","151.301","-0.13%"
"05/26/2020","151.881","152.724","152.803","151.449","-0.59%"
"05/25/2020","152.776","152.724","152.789","152.724","0.03%"
"05/24/2020","152.724","152.724","152.724","152.724","0.00%"
"05/22/2020","152.726","152.685","153.219","152.368","0.41%"
"05/21/2020","152.109","150.596","152.506","150.378","-0.01%"
"05/20/2020","152.120","152.004","152.422","151.542","0.02%"
"05/19/2020","152.093","151.808","152.141","151.144","0.38%"
"05/18/2020","151.520","150.290","152.333","149.357","0.85%"
"05/17/2020","150.250","150.290","150.290","150.250","-0.02%"
"05/15/2020","150.285","150.745","151.381","150.219","-0.38%"
"05/14/2020","150.851","150.329","151.087","150.156","0.57%"
"05/13/2020","149.996","149.823","150.334","149.688","0.28%"
"05/12/2020","149.574","148.960","149.657","148.553","0.51%"
"05/11/2020","148.820","153.037","153.372","148.401","-2.77%"
"05/10/2020","153.059","153.037","153.075","153.037","-0.14%"
"05/08/2020","153.274","154.205","154.816","153.266","-0.64%"
"05/07/2020","154.265","153.338","154.490","152.720","0.88%"
"05/06/2020","152.925","153.672","153.855","152.315","-0.67%"
"05/05/2020","153.956","154.378","154.397","153.811","-0.54%"
"05/04/2020","154.787","154.665","155.483","154.417","0.08%"
"05/03/2020","154.665","154.665","154.665","154.665","-0.30%"
"05/01/2020","155.125","154.885","155.501","154.459","0.41%"
"04/30/2020","154.490","155.202","155.714","154.490","-0.34%"
"04/29/2020","155.016","155.563","156.154","154.910","-0.34%"
"04/28/2020","155.551","153.400","155.627","153.340","1.45%"
"04/27/2020","153.327","154.605","154.678","153.327","-0.83%"
"04/26/2020","154.609","154.605","154.678","154.590","-0.04%"
"04/24/2020","154.669","154.856","155.045","154.243","0.02%"
"04/23/2020","154.636","154.408","154.839","153.917","0.26%"
"04/22/2020","154.238","155.208","155.656","153.937","-0.65%"
"04/21/2020","155.252","154.220","155.747","154.220","0.70%"
"04/20/2020","154.169","153.427","154.269","153.427","0.45%"
"04/19/2020","153.476","153.427","153.491","153.427","-0.07%"
"04/17/2020","153.588","153.051","154.828","153.029","-0.45%"
"04/16/2020","154.276","153.373","154.523","153.306","0.41%"
"04/15/2020","153.647","147.727","153.799","147.716","4.04%"
"04/14/2020","147.686","147.385","148.076","147.363","0.13%"
"04/13/2020","147.500","148.407","148.457","147.431","-0.53%"
"04/12/2020","148.282","148.427","148.427","148.282","-0.08%"
"04/10/2020","148.407","148.407","148.407","148.407","0.15%"
"04/09/2020","148.186","143.948","148.535","143.490","3.20%"
"04/08/2020","143.595","144.640","144.876","143.526","-0.64%"
"04/07/2020","144.519","145.079","145.125","143.455","-0.49%"
"04/06/2020","145.234","146.038","146.120","145.199","-0.53%"
"04/05/2020","146.002","146.038","146.091","145.988","-0.40%"
"04/03/2020","146.586","143.288","146.998","143.023","2.52%"
"04/02/2020","142.983","143.540","143.678","142.647","-0.14%"
"04/01/2020","143.186","142.062","143.687","142.062","0.82%"
"03/31/2020","142.022","141.464","142.225","141.253","0.52%"
"03/30/2020","141.287","142.689","143.667","141.264","-1.07%"
"03/29/2020","142.818","142.689","142.818","142.689","0.27%"
"03/27/2020","142.439","139.995","142.439","139.975","2.21%"
"03/26/2020","139.364","136.871","139.951","136.255","2.61%"
"03/25/2020","135.817","136.087","137.374","135.740","-0.28%"
"03/24/2020","136.192","137.064","137.186","135.537","-1.05%"
"03/23/2020","137.640","136.304","138.388","135.352","1.03%"
"03/22/2020","136.237","136.304","136.359","136.237","0.54%"
"03/20/2020","135.510","134.056","139.079","132.891","1.05%"
"03/19/2020","134.100","136.194","139.918","133.495","-2.29%"
"03/18/2020","137.244","145.276","145.415","136.190","-4.67%"
"03/17/2020","143.969","149.574","149.934","143.635","-4.25%"
"03/16/2020","150.357","156.225","156.613","149.980","-3.16%"
"03/15/2020","155.260","156.225","156.225","155.260","3.37%"
"03/13/2020","150.198","151.731","151.731","147.558","-0.86%"
"03/12/2020","151.498","153.159","155.135","150.197","0.08%"
"03/11/2020","151.370","155.902","156.838","150.456","-1.62%"
"03/10/2020","153.859","156.345","157.537","153.478","-2.35%"
"03/09/2020","157.564","162.761","167.878","156.811","-3.21%"
"03/08/2020","162.797","162.761","162.867","162.694","3.13%"
"03/06/2020","157.862","158.444","162.210","157.555","0.84%"
"03/05/2020","156.553","155.041","157.386","154.991","1.43%"
"03/04/2020","154.345","155.917","156.780","154.219","-0.87%"
"03/03/2020","155.692","153.646","156.878","152.702","1.61%"
"03/02/2020","153.231","154.160","155.456","153.006","-0.99%"
"03/01/2020","154.766","154.160","154.766","154.160","0.97%"
"02/28/2020","153.284","153.562","155.867","152.764","0.00%"
"02/27/2020","153.278","154.413","155.705","153.205","-0.55%"
"02/26/2020","154.122","153.581","154.717","153.377","0.16%"
"02/25/2020","153.879","153.072","154.633","152.927","0.15%"
"02/24/2020","153.645","152.446","154.550","152.446","0.79%"
"02/23/2020","152.446","152.446","152.446","152.446","0.02%"
"02/21/2020","152.413","151.957","153.003","151.911","0.55%"
"02/20/2020","151.577","151.027","151.701","150.971","0.42%"
"02/19/2020","150.949","152.782","153.196","150.909","-1.30%"
"02/18/2020","152.936","152.346","153.355","152.346","0.36%"
"02/17/2020","152.390","152.346","152.390","152.346","0.03%"
"02/16/2020","152.346","152.346","152.346","152.346","-0.03%"
"02/14/2020","152.388","151.924","152.623","151.865","0.42%"
"02/13/2020","151.754","151.864","152.453","151.567","0.27%"
"02/12/2020","151.339","151.678","151.802","151.278","-0.40%"
"02/11/2020","151.947","152.298","152.430","151.918","-0.45%"
"02/10/2020","152.627","152.689","152.972","152.002","0.02%"
"02/09/2020","152.602","152.689","152.689","152.534","0.18%"
"02/07/2020","152.329","151.356","152.478","151.322","0.78%"
"02/06/2020","151.156","150.821","151.239","150.424","0.14%"
"02/05/2020","150.944","152.084","152.391","150.805","-0.61%"
"02/04/2020","151.877","152.535","152.557","151.163","-0.58%"
"02/03/2020","152.767","152.801","152.894","151.939","0.12%"
"02/02/2020","152.581","152.801","152.801","152.516","-0.28%"
"01/31/2020","153.011","151.734","153.049","151.603","0.91%"
"01/30/2020","151.630","151.987","152.637","151.603","-0.20%"
"01/29/2020","151.931","150.397","151.931","150.368","1.00%"
"01/28/2020","150.431","151.564","152.116","150.431","-0.62%"
"01/27/2020","151.374","150.864","151.629","150.594","0.41%"
"01/26/2020","150.760","150.864","150.864","150.760","0.50%"
"01/24/2020","150.009","149.161","150.299","148.652","0.54%"
"01/23/2020","149.210","148.575","149.309","148.575","0.60%"
"01/22/2020","148.324","147.946","148.535","147.863","0.09%"
"01/21/2020","148.192","147.077","148.328","147.077","0.64%"
"01/20/2020","147.248","147.077","147.272","147.077","0.12%"
"01/19/2020","147.077","147.077","147.077","147.077","-0.13%"
"01/17/2020","147.269","147.238","147.471","146.801","-0.26%"
"01/16/2020","147.653","147.924","148.169","147.495","-0.29%"
"01/15/2020","148.076","147.587","148.144","147.587","0.36%"
"01/14/2020","147.543","146.771","147.543","146.727","0.42%"
"01/13/2020","146.921","147.291","147.291","146.741","-0.25%"
"01/12/2020","147.291","147.291","147.291","147.291","-0.07%"
"01/10/2020","147.401","146.448","147.427","146.426","0.50%"
"01/09/2020","146.671","146.542","146.758","145.836","0.30%"
"01/08/2020","146.228","147.809","148.057","146.200","-0.79%"
"01/07/2020","147.396","147.373","147.704","147.141","-0.08%"
"01/06/2020","147.514","148.313","148.473","147.431","-0.44%"
"01/05/2020","148.162","148.313","148.339","148.162","0.13%"
"01/03/2020","147.965","147.185","148.005","147.126","1.02%"
"01/02/2020","146.471","145.779","146.766","145.139","0.47%"
"01/01/2020","145.779","145.779","145.779","145.779","0.12%"
"12/31/2019","145.601","146.309","146.373","145.561","-0.52%"
"12/30/2019","146.359","146.611","146.611","145.415","-0.09%"
"12/29/2019","146.495","146.611","146.611","146.495","-0.06%"
"12/27/2019","146.582","146.308","146.724","146.199","0.13%"
"12/26/2019","146.394","146.131","146.397","145.908","0.18%"
"12/25/2019","146.131","146.131","146.131","146.131","-0.06%"
"12/24/2019","146.223","145.971","146.244","145.448","0.28%"
"12/23/2019","145.810","146.023","146.438","145.595","-0.20%"
"12/22/2019","146.098","146.023","146.134","146.023","0.06%"
"12/20/2019","146.010","145.824","146.053","145.472","0.09%"
"12/19/2019","145.882","146.193","146.299","145.397","-0.04%"
"12/18/2019","145.941","146.714","146.976","145.764","-0.59%"
"12/17/2019","146.810","146.968","147.224","146.472","-0.08%"
"12/16/2019","146.921","148.071","148.149","146.502","-0.73%"
"12/15/2019","147.998","148.071","148.100","147.987","-0.16%"
"12/13/2019","148.242","146.607","148.398","146.607","0.82%"
"12/12/2019","147.042","148.117","148.349","146.052","-0.83%"
"12/11/2019","148.267","147.575","148.433","147.461","0.56%"
"12/10/2019","147.446","146.925","147.467","146.528","0.34%"
"12/09/2019","146.951","146.561","147.146","146.507","0.24%"
"12/08/2019","146.597","146.561","146.605","146.532","0.06%"
"12/06/2019","146.512","147.315","147.444","146.199","-0.40%"
"12/05/2019","147.098","147.896","147.977","146.893","-0.39%"
"12/04/2019","147.675","147.662","148.079","146.465","-0.10%"
"12/03/2019","147.819","145.892","148.198","145.522","1.27%"
"12/02/2019","145.962","146.318","146.339","145.365","-0.21%"
"12/01/2019","146.263","146.318","146.318","146.263","-0.46%"
"11/29/2019","146.942","147.120","147.273","146.590","0.02%"
"11/28/2019","146.918","147.120","147.120","146.884","-0.15%"
"11/27/2019","147.146","147.354","147.552","146.880","-0.24%"
"11/26/2019","147.505","147.070","147.680","147.044","0.16%"
"11/25/2019","147.268","146.783","147.268","146.529","0.37%"
"11/24/2019","146.718","146.783","146.783","146.718","-0.12%"
"11/22/2019","146.894","146.750","147.309","146.623","0.10%"
"11/21/2019","146.745","147.595","147.595","146.539","-0.34%"
"11/20/2019","147.249","147.065","147.531","146.954","0.48%"
"11/19/2019","146.551","146.132","146.745","145.827","0.38%"
"11/18/2019","146.000","145.847","146.330","145.333","0.06%"
"11/17/2019","145.912","145.847","145.955","145.847","0.13%"
"11/15/2019","145.718","145.493","145.986","145.365","-0.13%"
"11/14/2019","145.902","146.141","147.380","145.874","0.01%"
"11/13/2019","145.893","145.294","146.348","145.266","0.86%"
"11/12/2019","144.647","144.165","144.963","143.794","0.31%"
"11/11/2019","144.196","144.165","144.196","144.165","0.02%"
"11/10/2019","144.165","144.165","144.165","144.165","0.14%"
"11/08/2019","143.965","145.064","145.358","143.965","-0.50%"
"11/07/2019","144.690","146.280","146.301","143.480","-0.79%"
"11/06/2019","145.841","145.636","146.224","145.430","0.29%"
"11/05/2019","145.415","146.430","146.430","145.148","-0.89%"
"11/04/2019","146.724","147.727","147.727","146.514","-0.68%"
"11/03/2019","147.727","147.727","147.727","147.727","-0.20%"
"11/01/2019","148.026","148.257","148.593","147.472","-0.30%"
"10/31/2019","148.476","146.834","148.568","146.715","1.07%"
"10/30/2019","146.907","145.852","146.960","145.564","0.86%"
"10/29/2019","145.660","145.356","145.983","145.279","0.06%"
"10/28/2019","145.573","145.923","145.985","144.962","-0.28%"
"10/27/2019","145.985","145.923","145.985","145.923","-0.04%"
"10/25/2019","146.047","146.807","146.859","145.914","-0.34%"
"10/24/2019","146.550","146.700","147.198","146.477","-0.08%"
"10/23/2019","146.673","147.146","147.531","146.626","-0.15%"
"10/22/2019","146.899","145.870","146.972","145.870","0.81%"
"10/21/2019","145.720","146.662","146.688","145.720","-0.63%"
"10/20/2019","146.641","146.662","146.688","146.641","0.03%"
"10/18/2019","146.590","146.801","147.004","146.263","-0.11%"
"10/17/2019","146.757","146.804","146.975","145.802","-0.02%"
"10/16/2019","146.789","146.737","147.204","146.405","0.21%"
"10/15/2019","146.487","144.871","147.540","144.718","0.59%"
"10/14/2019","145.631","144.871","145.631","144.871","0.52%"
"10/13/2019","144.871","144.871","144.871","144.871","-0.23%"
"10/11/2019","145.201","146.134","146.609","144.705","-0.64%"
"10/10/2019","146.141","148.664","148.664","146.083","-1.59%"
"10/09/2019","148.507","149.695","149.695","148.499","-0.90%"
"10/08/2019","149.851","149.110","150.256","148.821","0.33%"
"10/07/2019","149.363","150.916","151.208","149.342","-1.11%"
"10/06/2019","151.032","150.916","151.049","150.916","0.12%"
"10/04/2019","150.855","150.552","151.135","150.391","0.12%"
"10/03/2019","150.671","149.695","150.965","149.625","0.76%"
"10/02/2019","149.530","150.786","150.786","149.015","-1.05%"
"10/01/2019","151.122","149.432","151.181","148.190","0.90%"
"09/30/2019","149.777","149.430","149.807","148.934","0.21%"
"09/29/2019","149.470","149.430","149.515","149.430","0.01%"
"09/27/2019","149.452","149.225","149.673","148.749","0.14%"
"09/26/2019","149.249","148.016","149.285","147.763","1.25%"
"09/25/2019","147.406","149.262","149.262","147.406","-1.05%"
"09/24/2019","148.964","148.464","149.353","147.809","0.43%"
"09/23/2019","148.328","147.803","149.364","147.577","0.36%"
"09/22/2019","147.803","147.803","147.803","147.803","-0.44%"
"09/20/2019","148.451","147.423","148.486","147.064","0.85%"
"09/19/2019","147.202","146.909","147.819","146.901","0.20%"
"09/18/2019","146.914","146.592","147.799","146.568","0.18%"
"09/17/2019","146.649","146.346","146.913","145.964","0.46%"
"09/16/2019","145.975","144.921","146.498","144.921","0.73%"
"09/15/2019","144.921","144.921","144.921","144.921","-0.26%"
"09/13/2019","145.303","147.365","147.393","145.238","-1.49%"
"09/12/2019","147.496","147.440","148.926","146.679","-0.06%"
"09/11/2019","147.583","148.123","148.288","147.472","0.43%"
"09/10/2019","146.958","148.650","149.244","146.948","-1.28%"
"09/09/2019","148.860","150.620","150.620","148.858","-1.09%"
"09/08/2019","150.504","150.620","150.620","150.504","-0.10%"
"09/06/2019","150.651","150.179","150.909","149.678","0.19%"
"09/05/2019","150.368","151.217","151.665","149.915","-1.57%"
"09/04/2019","152.768","152.865","153.168","152.348","-0.19%"
"09/03/2019","153.056","152.419","153.729","151.820","0.26%"
"09/02/2019","152.652","152.419","152.652","152.419","0.15%"
"09/01/2019","152.419","152.419","152.419","152.419","-0.11%"
"08/30/2019","152.583","152.196","152.673","151.727","-0.03%"
"08/29/2019","152.633","153.449","153.505","151.835","-0.34%"
"08/28/2019","153.156","153.065","153.642","152.778","0.11%"
"08/27/2019","152.990","150.622","152.990","150.622","1.73%"
"08/26/2019","150.390","151.510","152.225","150.256","-0.64%"
"08/25/2019","151.360","151.510","151.510","151.360","0.53%"
"08/23/2019","150.564","149.385","152.019","148.993","0.41%"
"08/22/2019","149.955","150.815","151.246","149.875","-1.33%"
"08/21/2019","151.971","152.349","152.858","151.754","-0.51%"
"08/20/2019","152.748","151.932","152.836","151.847","0.68%"
"08/19/2019","151.720","152.176","152.427","151.235","-0.22%"
"08/18/2019","152.050","152.176","152.198","152.050","-0.34%"
"08/16/2019","152.576","153.424","153.432","152.259","-0.92%"
"08/15/2019","153.999","153.069","154.195","152.410","0.94%"
"08/14/2019","152.562","150.469","152.618","150.377","1.64%"
"08/13/2019","150.099","150.805","151.450","150.054","-0.61%"
"08/12/2019","151.027","149.045","151.144","149.045","1.33%"
"08/11/2019","149.045","149.045","149.045","149.045","0.14%"
"08/09/2019","148.832","149.564","149.982","148.813","-0.31%"
"08/08/2019","149.294","148.861","149.418","147.981","0.11%"
"08/07/2019","149.137","149.834","151.461","148.975","-0.04%"
"08/06/2019","149.203","148.896","149.355","148.028","0.14%"
"08/05/2019","148.996","146.638","149.147","146.638","1.55%"
"08/04/2019","146.722","146.638","146.722","146.638","-0.04%"
"08/02/2019","146.784","145.925","146.892","145.862","0.81%"
"08/01/2019","145.609","143.600","146.054","143.198","1.12%"
"07/31/2019","143.992","143.063","144.008","142.931","0.69%"
"07/30/2019","143.005","142.892","143.230","142.772","0.10%"
"07/29/2019","142.868","142.852","143.164","142.789","-0.05%"
"07/28/2019","142.945","142.852","142.945","142.852","0.14%"
"07/26/2019","142.747","140.701","142.747","140.387","1.63%"
"07/25/2019","140.452","141.004","141.593","140.132","-0.41%"
"07/24/2019","141.030","140.497","141.110","140.489","0.41%"
"07/23/2019","140.455","140.952","141.151","140.399","-0.44%"
"07/22/2019","141.078","140.948","141.504","140.846","0.06%"
"07/21/2019","140.987","140.948","141.026","140.948","0.04%"
"07/19/2019","140.933","141.242","141.296","140.929","-0.32%"
"07/18/2019","141.384","141.260","141.482","140.677","0.06%"
"07/17/2019","141.300","140.348","141.300","140.175","0.76%"
"07/16/2019","140.239","140.476","140.510","139.682","-0.14%"
"07/15/2019","140.436","140.111","140.488","139.535","0.23%"
"07/14/2019","140.111","140.111","140.111","140.111","0.21%"
"07/12/2019","139.819","139.807","140.059","139.436","0.20%"
"07/11/2019","139.546","142.086","142.089","139.546","-1.56%"
"07/10/2019","141.754","141.736","142.174","141.110","-0.10%"
"07/09/2019","141.894","142.363","142.479","141.894","-0.25%"
"07/08/2019","142.244","142.300","142.731","142.175","-0.13%"
"07/07/2019","142.426","142.300","142.426","142.300","0.13%"
"07/05/2019","142.234","143.471","143.684","141.620","-0.97%"
"07/04/2019","143.623","143.471","143.623","143.471","0.09%"
"07/03/2019","143.496","143.345","143.611","143.092","0.33%"
"07/02/2019","143.020","142.336","143.020","142.208","0.67%"
"07/01/2019","142.065","141.971","142.525","141.761","0.02%"
"06/30/2019","142.043","141.971","142.043","141.971","-0.31%"
"06/28/2019","142.486","142.421","142.630","142.152","0.03%"
"06/27/2019","142.444","141.572","142.576","141.566","0.46%"
"06/26/2019","141.788","139.782","141.856","139.125","1.21%"
"06/25/2019","140.086","138.587","140.116","138.458","1.13%"
"06/24/2019","138.526","137.869","138.534","137.745","0.55%"
"06/23/2019","137.775","137.869","137.869","137.745","-0.05%"
"06/21/2019","137.847","138.873","138.977","137.717","-0.51%"
"06/20/2019","138.558","139.366","139.366","138.476","0.04%"
"06/19/2019","138.505","138.021","138.549","137.581","0.25%"
"06/18/2019","138.157","137.698","138.753","137.698","0.40%"
"06/17/2019","137.608","137.538","137.766","137.160","0.25%"
"06/16/2019","137.267","137.538","137.538","137.267","-0.24%"
"06/14/2019","137.591","137.566","137.964","137.309","0.10%"
"06/13/2019","137.456","137.381","137.525","137.052","0.28%"
"06/12/2019","137.066","136.900","137.304","136.822","0.16%"
"06/11/2019","136.844","136.621","136.915","136.297","0.08%"
"06/10/2019","136.737","137.263","137.393","136.696","-0.48%"
"06/09/2019","137.393","137.263","137.393","137.263","-0.26%"
"06/07/2019","137.758","137.044","138.036","136.941","0.47%"
"06/06/2019","137.108","136.916","137.661","136.906","0.22%"
"06/05/2019","136.806","137.144","137.601","136.728","-0.30%"
"06/04/2019","137.212","137.870","137.974","136.966","-0.68%"
"06/03/2019","138.150","137.406","138.298","137.265","0.57%"
"06/02/2019","137.372","137.406","137.442","137.372","0.02%"
"05/31/2019","137.348","136.373","137.390","136.373","0.97%"
"05/30/2019","136.024","135.503","136.061","135.147","0.39%"
"05/29/2019","135.502","135.682","136.224","135.451","0.10%"
"05/28/2019","135.367","134.447","135.435","134.447","0.36%"
"05/27/2019","134.877","134.447","134.948","134.447","0.32%"
"05/26/2019","134.447","134.447","134.447","134.447","-0.15%"
"05/24/2019","134.648","134.441","134.699","134.357","0.10%"
"05/23/2019","134.508","133.631","134.948","133.589","0.67%"
"05/22/2019","133.619","132.881","133.619","132.881","0.53%"
"05/21/2019","132.920","133.158","133.328","132.722","-0.18%"
"05/20/2019","133.162","133.373","133.678","133.162","-0.14%"
"05/19/2019","133.350","133.373","133.373","133.299","-0.11%"
"05/17/2019","133.493","133.270","133.892","133.245","0.06%"
"05/16/2019","133.407","133.592","133.814","133.172","-0.08%"
"05/15/2019","133.512","133.072","133.803","132.994","0.35%"
"05/14/2019","133.043","133.674","133.859","132.861","-0.62%"
"05/13/2019","133.869","132.509","133.969","132.509","0.82%"
"05/12/2019","132.782","132.856","132.856","132.768","0.41%"
"05/10/2019","132.235","132.423","132.869","132.228","-0.47%"
"05/09/2019","132.865","132.678","133.233","132.570","0.59%"
"05/08/2019","132.092","133.004","133.481","132.092","-0.40%"
"05/07/2019","132.628","132.965","133.536","132.488","-0.06%"
"05/06/2019","132.709","132.423","133.050","132.423","0.22%"
"05/05/2019","132.423","132.423","132.423","132.423","-0.05%"
"05/03/2019","132.485","132.259","132.599","132.081","0.14%"
"05/02/2019","132.295","132.602","132.764","132.069","-0.32%"
"05/01/2019","132.726","132.499","133.132","132.466","0.14%"
"04/30/2019","132.535","132.421","132.551","132.018","0.18%"
"04/29/2019","132.295","132.608","133.025","132.053","-0.24%"
"04/28/2019","132.608","132.608","132.608","132.608","-0.04%"
"04/26/2019","132.655","132.428","132.915","132.380","0.13%"
"04/25/2019","132.480","132.286","132.496","131.947","0.14%"
"04/24/2019","132.296","131.651","132.296","131.651","0.56%"
"04/23/2019","131.558","132.138","132.267","131.526","-0.39%"
"04/22/2019","132.077","131.940","132.093","131.401","0.26%"
"04/21/2019","131.738","131.835","131.835","131.738","-0.15%"
"04/19/2019","131.940","131.940","131.940","131.940","0.00%"
"04/18/2019","131.935","132.177","132.533","131.854","-0.06%"
"04/17/2019","132.019","132.067","132.374","131.906","-0.12%"
"04/16/2019","132.178","132.664","132.680","132.137","-0.32%"
"04/15/2019","132.602","132.181","132.732","132.084","0.28%"
"04/14/2019","132.229","132.181","132.246","132.181","0.02%"
"04/12/2019","132.201","131.991","132.249","131.267","0.17%"
"04/11/2019","131.978","132.609","132.641","131.817","-0.57%"
"04/10/2019","132.732","132.165","132.732","131.971","0.50%"
"04/09/2019","132.071","131.893","132.297","131.732","0.16%"
"04/08/2019","131.864","132.333","132.495","131.800","-0.38%"
"04/07/2019","132.365","132.333","132.365","132.300","0.00%"
"04/05/2019","132.368","131.738","132.384","131.513","0.32%"
"04/04/2019","131.951","131.757","132.048","131.677","0.16%"
"04/03/2019","131.734","132.267","132.364","131.734","-0.70%"
"04/02/2019","132.659","132.692","132.838","132.383","0.17%"
"04/01/2019","132.435","133.299","133.413","132.338","-0.61%"
"03/31/2019","133.250","133.299","133.315","133.250","-0.31%"
"03/29/2019","133.663","133.400","133.778","133.089","0.15%"
"03/28/2019","133.469","133.748","133.781","133.354","0.02%"
"03/27/2019","133.443","133.344","134.133","133.164","0.17%"
"03/26/2019","133.217","133.086","133.462","132.727","-0.11%"
"03/25/2019","133.367","133.154","133.909","132.633","0.09%"
"03/24/2019","133.252","133.154","133.269","133.154","0.02%"
"03/22/2019","133.223","131.198","133.321","131.150","1.60%"
"03/21/2019","131.121","130.706","131.185","130.658","0.30%"
"03/20/2019","130.730","129.603","130.762","129.540","0.97%"
"03/19/2019","129.480","129.732","129.843","129.165","-0.15%"
"03/18/2019","129.672","129.688","129.798","129.451","-0.04%"
"03/17/2019","129.719","129.688","129.719","129.672","-0.01%"
"03/15/2019","129.738","130.340","130.947","129.501","-0.48%"
"03/14/2019","130.359","130.678","130.870","130.296","-0.32%"
"03/13/2019","130.783","128.758","130.975","128.461","1.48%"
"03/12/2019","128.870","127.485","128.933","127.254","0.85%"
"03/11/2019","127.782","128.186","128.264","127.689","-0.38%"
"03/10/2019","128.264","128.186","128.264","128.186","0.07%"
"03/08/2019","128.173","127.815","128.313","127.630","0.28%"
"03/07/2019","127.818","127.354","127.973","127.292","0.40%"
"03/06/2019","127.315","127.392","127.702","127.192","0.03%"
"03/05/2019","127.271","127.148","127.287","126.887","0.11%"
"03/04/2019","127.135","126.353","127.212","126.337","0.60%"
"03/03/2019","126.383","126.353","126.383","126.337","-0.04%"
"03/01/2019","126.432","126.677","126.707","125.959","-0.22%"
"02/28/2019","126.710","127.542","127.774","126.419","-0.54%"
"02/27/2019","127.395","128.217","128.311","127.271","-0.73%"
"02/26/2019","128.332","128.410","128.535","128.083","0.18%"
"02/25/2019","128.103","127.953","128.119","127.544","0.17%"
"02/24/2019","127.885","127.953","127.953","127.885","-0.10%"
"02/22/2019","128.012","128.075","128.746","127.935","0.03%"
"02/21/2019","127.968","128.452","128.546","127.751","-0.53%"
"02/20/2019","128.648","129.862","130.004","128.569","-0.95%"
"02/19/2019","129.880","128.970","129.880","128.854","0.69%"
"02/18/2019","128.995","128.970","128.995","128.970","0.02%"
"02/17/2019","128.970","128.970","128.970","128.970","-0.03%"
"02/15/2019","129.014","128.684","129.014","128.278","0.31%"
"02/14/2019","128.609","128.408","129.042","128.248","0.22%"
"02/13/2019","128.331","128.431","128.592","128.223","-0.14%"
"02/12/2019","128.512","128.541","128.652","128.279","-0.29%"
"02/11/2019","128.880","129.599","129.599","128.693","-0.55%"
"02/10/2019","129.599","129.599","129.599","129.599","0.01%"
"02/08/2019","129.583","129.398","129.646","129.222","0.33%"
"02/07/2019","129.152","128.538","129.233","128.459","0.57%"
"02/06/2019","128.414","128.757","129.801","128.382","-0.23%"
"02/05/2019","128.709","128.603","129.087","128.305","0.15%"
"02/04/2019","128.511","128.471","128.623","127.846","-0.01%"
"02/03/2019","128.518","128.471","128.565","128.471","-0.02%"
"02/01/2019","128.541","128.894","129.144","128.384","-0.37%"
"01/31/2019","129.020","128.416","129.130","128.399","0.42%"
"01/30/2019","128.484","127.737","128.497","127.532","0.49%"
"01/29/2019","127.855","128.287","128.497","127.641","-0.29%"
"01/28/2019","128.228","127.547","128.458","127.377","0.48%"
"01/27/2019","127.612","127.547","127.612","127.547","0.09%"
"01/25/2019","127.503","127.701","127.703","127.274","-0.28%"
"01/24/2019","127.862","127.545","128.134","127.499","0.34%"
"01/23/2019","127.423","126.651","127.592","126.207","0.55%"
"01/22/2019","126.732","125.151","126.874","125.146","1.25%"
"01/21/2019","125.171","125.151","125.171","125.151","0.02%"
"01/20/2019","125.151","125.151","125.151","125.151","0.06%"
"01/18/2019","125.072","126.407","126.469","125.041","-1.04%"
"01/17/2019","126.381","126.152","126.706","125.946","0.35%"
"01/16/2019","125.938","125.934","126.134","125.478","0.00%"
"01/15/2019","125.935","126.310","126.728","125.873","-0.37%"
"01/14/2019","126.402","126.569","126.982","126.289","-0.13%"
"01/13/2019","126.569","126.569","126.569","126.569","-0.03%"
"01/11/2019","126.612","125.729","126.672","125.729","0.89%"
"01/10/2019","125.495","126.964","127.103","125.481","-1.11%"
"01/09/2019","126.903","126.795","126.963","126.288","0.11%"
"01/08/2019","126.769","126.707","127.005","126.614","0.11%"
"01/07/2019","126.635","128.824","129.549","126.602","-1.70%"
"01/06/2019","128.823","128.824","128.824","128.777","-0.03%"
"01/04/2019","128.858","129.962","130.169","128.751","-0.92%"
"01/03/2019","130.057","129.270","130.119","129.055","0.68%"
"01/02/2019","129.177","128.267","129.272","128.216","0.71%"
"01/01/2019","128.267","128.267","128.267","128.267","-0.19%"